PMID;First Author;Publication Date;Title;Abstract;DOI;classification;species;country;statistics;optimization;strategies;notes;human;pred;TRUE
35881004;Pepin KM;2022 Sep;Optimising response to an introduction of African swine fever in wild pigs.;African swine fever virus (ASFv) is a virulent pathogen that threatens domestic swine industries globally and persists in wild boar populations in some countries. Persistence in wild boar can challenge elimination and prevent disease-free status, making it necessary to address wild swine in proactive response plans. In the United States, invasive wild pigs are abundant and found across a wide range of ecological conditions that could drive different epidemiological dynamics among populations. Information on the size of the control areas required to rapidly eliminate the ASFv in wild pigs and how this area should change with management constraints and local ecology is needed to optimize response planning. We developed a spatially explicit disease transmission model contrasting wild pig movement and contact ecology in two ecosystems in Southeastern United States. We simulated ASFv spread and determined the optimal response area (reported as the radius of a circle) for eliminating ASFv rapidly over a range of detection times (when ASFv was detected relative to the true date of introduction), culling capacities (proportion of wild pigs in the culling zone removed weekly) and wild pig densities. Large radii for response areas (14 km) were needed under most conditions but could be shortened with early detection (≤ 8 weeks) and high culling capacities (≥ 15% weekly). Under most conditions, the ASFv was eliminated in less than 22 weeks using optimal control radii, although ecological conditions with high rates of wild pig movement required higher culling capacities (≥ 10% weekly) for elimination within 1 year. The results highlight the importance of adjusting response plans based on local ecology and show that wild pig movement is a better predictor of the optimal response area than the number of ASFv cases early in the outbreak trajectory. Our framework provides a tool for determining optimal control plans in different areas, guiding expectations of response impacts, and planning resources needed for rapid elimination.;10.1111/tbed.14668;included;wild pigs;united states;spatially explicit disease transmission model;optimization;risk-based monitoring;proactive response planning;1;1;1
27938676;Halasa T;2016 Dec 25;Control of African swine fever epidemics in industrialized swine populations.;African swine fever (ASF) is a notifiable infectious disease with a high impact on swine health. The disease is endemic in certain regions in the Baltic countries and has spread to Poland constituting a risk of ASF spread toward Western Europe. Therefore, as part of contingency planning, it is important to explore strategies that can effectively control an epidemic of ASF. In this study, the epidemiological and economic effects of strategies to control the spread of ASF between domestic swine herds were examined using a published model (DTU-DADS-ASF). The control strategies were the basic EU and national strategy (Basic), the basic strategy plus pre-emptive depopulation of neighboring swine herds, and intensive surveillance of herds in the control zones, including testing live or dead animals. Virus spread via wild boar was not modelled. Under the basic control strategy, the median epidemic duration was predicted to be 21days (5th and 95th percentiles. 1-55days), the median number of infected herds was predicted to be 3 herds (1-8), and the total costs were predicted to be €326 million (€256-€442 million). Adding pre-emptive depopulation or intensive surveillance by testing live animals resulted in marginal improvements to the control of the epidemics. However, adding testing of dead animals in the protection and surveillance zones was predicted to be the optimal control scenario for an ASF epidemic in industrialized swine populations without contact to wild boar. This optimal scenario reduced the epidemic duration to 9days (1-38) and the total costs to €294 million (€257-€392 million). Export losses were the driving force of the total costs of the epidemics.;10.1016/j.vetmic.2016.11.023;included;pigs;poland;deterministic modelling;optimization;risk-based monitoring;meets inclusion criteria;1;1;1
30952584;Andronico A;2019 Sep;Highly pathogenic avian influenza H5N8 in south-west France 2016-2017: A modeling study of control strategies.;In the winter 2016-2017 the largest epidemic of highly pathogenic avian influenza (HPAI) ever recorded in the European Union spread to all 28 member states. France was hit particularly hard and reported a total of 484 infected premises (IPs) by March 2017. We developed a mathematical model to analyze the spatiotemporal evolution of the epidemic and evaluate the impact of control strategies. We estimated that farms rearing ducks were on average 2.5 times more infectious and 5.0 times more susceptible to HPAI than farms rearing other avian species. The implementation of surveillance zones around IPs reduced transmission by a factor of 1.8 on average. Compared to the strengthening of pre-emptive culling measures enforced by French authorities in February 2017, we found that a faster depopulation of diagnosed IPs would have had a larger impact on the total number of infections. For example, halving the time delay from detection to slaughter of infected animals would have reduced the total number of IPs by 52% and total cull numbers by 50% on average. This study showcases the possible contribution of modeling to inform and optimize control strategies during an outbreak.;10.1016/j.epidem.2019.03.006;included;ducks;france;mechanistic modeling;optimization;risk-based monitoring;meets criteria becomes true;1;1;1
33468025;Pepin KM;2021 Jan;Social structure defines spatial transmission of African swine fever in wild boar.;The spatial spread of infectious disease is determined by spatial and social processes such as animal space use and family group structure. Yet, the impacts of social processes on spatial spread remain poorly understood and estimates of spatial transmission kernels (STKs) often exclude social structure. Understanding the impacts of social structure on STKs is important for obtaining robust inferences for policy decisions and optimizing response plans. We fit spatially explicit transmission models with different assumptions about contact structure to African swine fever virus surveillance data from eastern Poland from 2014 to 2015 and evaluated how social structure affected inference of STKs and spatial spread. The model with social structure provided better inference of spatial spread, predicted that approximately 80% of transmission events occurred within family groups, and that transmission was weakly female-biased (other models predicted weakly male-biased transmission). In all models, most transmission events were within 1.5 km, with some rare events at longer distances. Effective reproductive numbers were between 1.1 and 2.5 (maximum values between 4 and 8). Social structure can modify spatial transmission dynamics. Accounting for this additional contact heterogeneity in spatial transmission models could provide more robust inferences of STKs for policy decisions, identify best control targets and improve transparency in model uncertainty.;10.1098/rsif.2020.0761;included;wild boar;poland;spatially explicit transmission models;optimization;risk-based monitoring;social structure impacts transmission dynamics;1;1;1
27391689;Barongo MB;2016;A Mathematical Model that Simulates Control Options for African Swine Fever Virus (ASFV).;A stochastic model designed to simulate transmission dynamics of African swine fever virus (ASFV) in a free-ranging pig population under various intervention scenarios is presented. The model was used to assess the relative impact of the timing of the implementation of different control strategies on disease-related mortality. The implementation of biosecurity measures was simulated through incorporation of a decay function on the transmission rate. The model predicts that biosecurity measures implemented within 14 days of the onset of an epidemic can avert up to 74% of pig deaths due to ASF while hypothetical vaccines that confer 70% immunity when deployed prior to day 14 of the epidemic could avert 65% of pig deaths. When the two control measures are combined, the model predicts that 91% of the pigs that would have otherwise succumbed to the disease if no intervention was implemented would be saved. However, if the combined interventions are delayed (defined as implementation from > 60 days) only 30% of ASF-related deaths would be averted. In the absence of vaccines against ASF, we recommend early implementation of enhanced biosecurity measures. Active surveillance and use of pen-side diagnostic assays, preferably linked to rapid dissemination of this data to veterinary authorities through mobile phone technology platforms are essential for rapid detection and confirmation of ASF outbreaks. This prediction, although it may seem intuitive, rationally confirms the importance of early intervention in managing ASF epidemics. The modelling approach is particularly valuable in that it determines an optimal timing for implementation of interventions in controlling ASF outbreaks.;10.1371/journal.pone.0158658;included;pigs;unknown;stochastic modelling;optimization;risk-based monitoring;biosecurity measures;0;1;0
25457602;Korennoy FI;2014 Oct;Spatio-temporal modeling of the African swine fever epidemic in the Russian Federation, 2007-2012.;In 2007 African swine fever (ASF) entered Georgia and in the same year the disease entered the Russian Federation. From 2007 to 2012 ASF spread throughout the southern region of the Russian Federation. At the same time several cases of ASF were detected in the central and northern regions of the Russian Federation, forming a northern cluster of outbreaks in 2011. This northern cluster is of concern because of its proximity to mainland Europe. The aim of this study was to use details of recorded ASF outbreaks and human and swine population details to estimate the spatial distribution of ASF risk in the southern region of the European part of the Russian Federation. Our model of ASF risk was comprised of two components. The first was an estimate of ASF suitability scores calculated using maximum entropy methods. The second was an estimate of ASF risk as a function of Euclidean distance from index cases. An exponential distribution fitted to a frequency histogram of the Euclidean distance between consecutive ASF cases had a mean value of 156 km, a distance greater than the surveillance zone radius of 100-150 km stated in the ASF control regulations for the Russian Federation. We show that the spatial and temporal risk of ASF expansion is related to the suitability of the area of potential expansion, which is in turn a function of socio-economic and geographic variables. We propose that the methodology presented in this paper provides a useful tool to optimize surveillance for ASF in affected areas.;10.1016/j.sste.2014.04.002;included;pigs;russian federation;statistical modelling;optimization;risk-based monitoring;meets inclusion criteria;1;1;1
30212472;Hill EM;2018 Sep;The impact of surveillance and control on highly pathogenic avian influenza outbreaks in poultry in Dhaka division, Bangladesh.;In Bangladesh, the poultry industry is an economically and socially important sector, but it is persistently threatened by the effects of H5N1 highly pathogenic avian influenza. Thus, identifying the optimal control policy in response to an emerging disease outbreak is a key challenge for policy-makers. To inform this aim, a common approach is to carry out simulation studies comparing plausible strategies, while accounting for known capacity restrictions. In this study we perform simulations of a previously developed H5N1 influenza transmission model framework, fitted to two separate historical outbreaks, to assess specific control objectives related to the burden or duration of H5N1 outbreaks among poultry farms in the Dhaka division of Bangladesh. In particular, we explore the optimal implementation of ring culling, ring vaccination and active surveillance measures when presuming disease transmission predominately occurs from premises-to-premises, versus a setting requiring the inclusion of external factors. Additionally, we determine the sensitivity of the management actions under consideration to differing levels of capacity constraints and outbreaks with disparate transmission dynamics. While we find that reactive culling and vaccination policies should pay close attention to these factors to ensure intervention targeting is optimised, across multiple settings the top performing control action amongst those under consideration were targeted proactive surveillance schemes. Our findings may advise the type of control measure, plus its intensity, that could potentially be applied in the event of a developing outbreak of H5N1 amongst originally H5N1 virus-free commercially-reared poultry in the Dhaka division of Bangladesh.;10.1371/journal.pcbi.1006439;included;poultry;bangladesh;simulation modelling;optimization;proactive surveillance;meets all criteria;1;1;1
38275963;Gervasi V;2024 Jan 19;Optimizing Vaccination Strategies against African Swine Fever Using Spatial Data from Wild Boars in Lithuania.;African swine fever (ASF) is one of the most severe suid diseases, impacting the pig industry and wild suid populations. Once an ASF vaccine is available, identifying a sufficient density of vaccination fields will be crucial to achieve eradication success. In 2020-2023, we live-trapped and monitored 27 wild boars in different areas of Lithuania, in which the wild boars were fed at artificial stations. We built a simulation study to estimate the probability of a successful ASF vaccination as a function of different eco-epidemiological factors. The average 32-day home range size across all individuals was 16.2 km(2) (SD = 16.9). The wild boars made frequent visits of short durations to the feeding sites rather than long visits interposed by long periods of absence. A feeding site density of 0.5/km(2) corresponded to an expected vaccination rate of only 20%. The vaccination probability increased to about 75% when the feeding site density was 1.0/km(2). Our results suggest that at least one vaccination field/km(2) should be used when planning an ASF vaccination campaign to ensure that everyone in the population has at least 5-10 vaccination sites available inside the home range. Similar studies should be conducted in the other ecological contexts in which ASF is present today or will be present in the future, with the objective being to estimate a context-specific relationship between wild boar movement patterns and an optimal vaccination strategy.;10.3390/v16010153;included;wild boars;lithuania;mechanistic modelling;optimization;risk-based monitoring;vaccination planning ;0;1;0
22296731;Goutard FL;2012 Jul 1;Optimizing early detection of avian influenza H5N1 in backyard and free-range poultry production systems in Thailand.;For infectious diseases such as highly pathogenic avian influenza caused by the H5N1 virus (A/H5N1 HP), early warning system is essential. Evaluating the sensitivity of surveillance is a necessary step in ensuring an efficient and sustainable system. Stochastic scenario tree modeling was used here to assess the sensitivity of the A/H5N1 HP surveillance system in backyard and free-grazing duck farms in Thailand. The whole surveillance system for disease detection was modeled with all components and the sensitivity of each component and of the overall system was estimated. Scenarios were tested according to selection of high-risk areas, inclusion of components and sampling procedure, were tested. Nationwide passive surveillance (SSC1) and risk-based clinical X-ray (SSC2) showed a similar sensitivity level, with a median sensitivity ratio of 0.96 (95% CI 0.40-15.00). They both provide higher sensitivity than the X-ray laboratory component (SSC3). With the current surveillance design, the sensitivity of detection of the overall surveillance system when the three components are implemented, was equal to 100% for a farm level prevalence of 0.05% and 82% (95% CI 71-89%) for a level of infection of 3 farms. Findings from this study illustrate the usefulness of scenario-tree modeling to document freedom from diseases in developing countries.;10.1016/j.prevetmed.2011.12.020;included;birds;thailand;stochastic scenario tree modeling;optimization;risk-based monitoring;meets inclusion criteria;1;1;1
24161559;Boni MF;2013 Dec;Economic epidemiology of avian influenza on smallholder poultry farms.;Highly pathogenic avian influenza (HPAI) is often controlled through culling of poultry. Compensating farmers for culled chickens or ducks facilitates effective culling and control of HPAI. However, ensuing price shifts can create incentives that alter the disease dynamics of HPAI. Farmers control certain aspects of the dynamics by setting a farm size, implementing infection control measures, and determining the age at which poultry are sent to market. Their decisions can be influenced by the market price of poultry which can, in turn, be set by policy makers during an HPAI outbreak. Here, we integrate these economic considerations into an epidemiological model in which epidemiological parameters are determined by an outside agent (the farmer) to maximize profit from poultry sales. Our model exhibits a diversity of behaviors which are sensitive to (i) the ability to identify infected poultry, (ii) the average price of infected poultry, (iii) the basic reproductive number of avian influenza, (iv) the effect of culling on the market price of poultry, (v) the effect of market price on farm size, and (vi) the effect of poultry density on disease transmission. We find that under certain market and epidemiological conditions, culling can increase farm size and the total number of HPAI infections. Our model helps to inform the optimization of public health outcomes that best weigh the balance between public health risk and beneficial economic outcomes for farmers.;10.1016/j.tpb.2013.10.001;included;poultry;unknown;deterministic modelling;optimization;risk-based monitoring;meets inclusion criteria;1;1;1
18477540;Savill NJ;2008 Dec 6;Detection of mortality clusters associated with highly pathogenic avian influenza in poultry: a theoretical analysis.;Rapid detection of infectious disease outbreaks is often crucial for their effective control. One example is highly pathogenic avian influenza (HPAI) such as H5N1 in commercial poultry flocks. There are no quantitative data, however, on how quickly the effects of HPAI infection in poultry flocks can be detected. Here, we study, using an individual-based mathematical model, time to detection in chicken flocks. Detection is triggered when mortality, food or water intake or egg production in layers pass recommended thresholds suggested from the experience of past HPAI outbreaks. We suggest a new threshold for caged flocks--the cage mortality detection threshold--as a more sensitive threshold than current ones. Time to detection is shown to depend nonlinearly on R0 and is particularly sensitive for R0<10. It also depends logarithmically on flock size and number of birds per cage. We also examine how many false alarms occur in uninfected flocks when we vary detection thresholds owing to background mortality. The false alarm rate is shown to be sensitive to detection thresholds, dependent on flock size and background mortality and independent of the length of the production cycle. We suggest that current detection thresholds appear sufficient to rapidly detect the effects of a high R0 HPAI strain such as H7N7 over a wide range of flock sizes. Time to detection of the effects of a low R0 HPAI strain such as H5N1 can be significantly improved, particularly for large flocks, by lowering detection thresholds, and this can be accomplished without causing excessive false alarms in uninfected flocks. The results are discussed in terms of optimizing the design of disease surveillance programmes in general.;10.1098/rsif.2008.0133;included;poultry;unknown;deterministic modelling;optimization;risk-based monitoring;meets inclusion criteria;1;1;1
40303821;Palencia P;2023;Not Just Pictures: Utility of Camera Trapping in the Context of African Swine Fever and Wild Boar Management.;African swine fever (ASF) is a highly contagious disease affecting all suids and wild boar (Sus scrofa). Since 2007, ASF has spread to more than 30 countries in Europe and Asian regions, and the most recent outbreak has been in mainland Italy (reported on January 2022). When the genotype II of the ASF virus infects a population, a mortality rate close to 90% is usually reported. This drop in wild boar abundance produces a cascade effect in the entire ecosystem. In this context, effective monitoring tools for deriving management parameters are a priority aspect, and the utility of camera trapping could have been overlooked. Here, sampling the infected area in north Italy, we showed the utility of camera traps in the context of ASF infection. Specifically, we used 43 camera traps randomly distributed to (i) estimate movement parameters and population density of wild boar, roe deer (Capreolus capreolus), and wolf (Canis lupus). (ii) quantify wild boar recruitment. and (iii) assess whether the human restriction rules are being met. On the first spring after the outbreak detection, our results for wild boar indicated a density of 0.27 ind·km(-2) ± 0.11 (standard error, SE), a daily activity level of 0.49 ± 0.07 (i.e., 11.76 h·day(-1)), a daily distance travelled of 9.07 ± 1.80 km·day(-1), a litter size of 1.72 piglets·group(-1), and a 72% of pregnant females. Despite human outdoor activities being restricted in the infected zone, we recorded human presence in 19 camera traps. The wide range of parameters estimated from the camera trap data, together with some intrinsic and practical advantages of this tool, allows us to conclude that camera traps are well positioned to be a reference approach to monitor populations affected by ASF. The population-specific parameters are of prime importance for optimizing ASF control efforts.;10.1155/2023/7820538;included;wild boar;sus scrofa;roe deer;capreolus capreolus;wolf;canis lupus;0;1;0
40303815;Wielgus E;2023;First-Passage Time Analysis Based on GPS Data Offers a New Approach to Estimate Restricted Zones for the Management of Infectious Diseases in Wildlife: A Case Study Using the Example of African Swine Fever.;An essential part of any disease containment and eradication policy is the implementation of restricted zones, but determining the appropriate size of these zones can be challenging for managers. We designed a new method, based on animal movement, to help assess how large restricted zones should be after a spontaneous outbreak to successfully control infectious diseases in wildlife. Our approach uses first-passage time (FPT) analysis and Cox proportional hazard (CPH) models to calculate and compare the risk of an animal leaving different-sized areas. We illustrate our approach using the example of the African swine fever (ASF) virus and its wild pig reservoir host species, the wild boar (Sus scrofa), and we investigate the feasibility of applying this method to other systems. Using GPS data from 57 wild boar living in the Hainich National Park, Germany, we calculate the time spent by each individual in areas of different sizes using FPT analysis. We apply CPH models on the derived data to compare the risk of leaving areas of different sizes and to assess the effects of season and the sex of the wild boar on the risk of leaving. We conduct survival analyses to estimate the risk of leaving an area over time. Our results indicate that the risk of leaving an area decreases exponentially by 10% for each 100 m increase in radius size so that the differences were more pronounced for small sizes. Furthermore, the probability of leaving increases exponentially with time. Wild boar had a similar risk of leaving an area of a given size throughout the year, except in spring and winter, when females had a much lower risk of leaving. Our findings are in agreement with the literature on wild boar movement, further validating our method, and repeated analyses with location data resampled at different rates gave similar results. Our results may be applicable only to our study area, but they demonstrate the applicability of the proposed method to any ecosystem where wild boar populations are likely to be infected with ASF and where restricted zones should be established accordingly. The outlined approach relies solely on the analysis of movement data and provides a useful tool to determine the optimal size of restricted zones. It can also be applied to future outbreaks of other diseases.;10.1155/2023/4024083;included;wild boar;germany;first-passage time analysis;cox proportional hazard models;risk-based monitoring;meets inclusion criteria;1;1;1
39772734;Lambert S;2025 Jan;Optimizing contact tracing for avian influenza in poultry flocks.;Contact tracing is commonly used to manage infectious diseases of both humans and animals. It aims to detect early and control potentially infected individuals or farms that had contact with infectious cases. Because it is very resource-intensive, contact tracing is usually performed on a pre-defined time window, based on previous knowledge of the duration of the incubation period. However, pre-defined time windows may not be always relevant, reducing the efficiency of contact tracing. In this study, we estimated the day when farms were first infected with highly pathogenic avian influenza viruses, a devastating pathogen causing severe socio-economic damage in domestic poultry. The estimation was performed by fitting a stochastic mechanistic model to observed daily mortality data from 63 infected poultry farms in France and The Netherlands, using approximate Bayesian computation. Independent of the poultry species or country, the estimates of the time of first infection ranged between 3.4 (95% credible interval-CrI: 2.6, 4.6) and 19.9 (95% CrI: 11.9, 31.3) days prior to the last observation. We developed an online application to provide real-time support to policymakers by estimating realistic ranges of dates of first infection to inform contact tracing and improve its efficiency.;10.1098/rsif.2024.0523;included;poultry;france;the netherlands;stochastic modelling;approximate bayesian computation;mechanistic model;0;1;0
33340089;Yang A;2021 Apr;Effects of social structure and management on risk of disease establishment in wild pigs.;Contact heterogeneity among hosts determines invasion and spreading dynamics of infectious disease, thus its characterization is essential for identifying effective disease control strategies. Yet, little is known about the factors shaping contact networks in many wildlife species and how wildlife management actions might affect contact networks. Wild pigs in North America are an invasive, socially structured species that pose a health concern for domestic swine given their ability to transmit numerous devastating diseases such as African swine fever (ASF). Using proximity loggers and GPS data from 48 wild pigs in Florida and South Carolina, USA, we employed a probabilistic framework to estimate weighted contact networks. We determined the effects of sex, social group and spatial distribution (monthly home-range overlap and distance) on wild pig contact. We also estimated the impacts of management-induced perturbations on contact and inferred their effects on ASF establishment in wild pigs with simulation. Social group membership was the primary factor influencing contacts. Between-group contacts depended primarily on space use characteristics, with fewer contacts among groups separated by >2 km and no contacts among groups >4 km apart within a month. Modelling ASF dynamics on the contact network demonstrated that indirect contacts resulting from baiting (a typical method of attracting wild pigs or game species to a site to enhance recreational hunting) increased the risk of disease establishment by ~33% relative to direct contact. Low-intensity population reduction (<5.9% of the population) had no detectable impact on contact structure but reduced predicted ASF establishment risk relative to no population reduction. We demonstrate an approach for understanding the relative role of spatial, social and individual-level characteristics in shaping contact networks and predicting their effects on disease establishment risk, thus providing insight for optimizing disease control in spatially and socially structured wildlife species.;10.1111/1365-2656.13412;included;wild pigs;usa;probabilistic framework;optimization;risk-based monitoring;indirect contact increases disease risk;1;1;1
22448011;Giles BM;2012 May 15;A computationally optimized hemagglutinin virus-like particle vaccine elicits broadly reactive antibodies that protect nonhuman primates from H5N1 infection.;BACKGROUND: Highly pathogenic H5N1 avian influenza viruses continue to spread via waterfowl, causing lethal infections in humans. Vaccines can prevent the morbidity and mortality associated with pandemic influenza isolates. Predicting the specific isolate that may emerge from the 10 different H5N1 clades is a tremendous challenge for vaccine design. METHODS: In this study, we generated a synthetic hemagglutinin (HA) on the basis of a new method, computationally optimized broadly reactive antigen (COBRA), which uses worldwide sequencing and surveillance efforts that are specifically focused on sequences from H5N1 clade 2 human isolates. RESULTS: Cynomolgus macaques vaccinated with COBRA clade 2 HA H5N1 virus-like particles (VLPs) had hemagglutination-inhibition antibody titers that recognized a broader number of representative isolates from divergent clades as compared to nonhuman primates vaccinated with clade 2.2 HA VLPs. Furthermore, all vaccinated animals were protected from A/Whooper Swan/Mongolia/244/2005 (WS/05) clade 2.2 challenge, with no virus detected in the nasal or tracheal washes. However, COBRA VLP-vaccinated nonhuman primates had reduced lung inflammation and pathologic effects as compared to those that received WS/05 VLP vaccines. CONCLUSIONS: The COBRA clade 2 HA H5N1 VLP elicits broad humoral immunity against multiple H5N1 isolates from different clades. In addition, the COBRA VLP vaccine is more effective than a homologous vaccine against a highly pathogenic avian influenza virus challenge.;10.1093/infdis/jis232;included;nonhuman primates;usa;statistical modelling;optimization;risk-based monitoring;meets inclusion criteria;0;1;0
38629574;Hou Y;2024 Dec;Evolution of H7N9 highly pathogenic avian influenza virus in the context of vaccination.;Human infections with the H7N9 influenza virus have been eliminated in China through vaccination of poultry. however, the H7N9 virus has not yet been eradicated from poultry. Carefully analysis of H7N9 viruses in poultry that have sub-optimal immunity may provide a unique opportunity to witness the evolution of highly pathogenic avian influenza virus in the context of vaccination. Between January 2020 and June 2023, we isolated 16 H7N9 viruses from samples we collected during surveillance and samples that were sent to us for disease diagnosis. Genetic analysis indicated that these viruses belonged to a single genotype previously detected in poultry. Antigenic analysis indicated that 12 of the 16 viruses were antigenically close to the H7-Re4 vaccine virus that has been used since January 2022, and the other four viruses showed reduced reactivity with the vaccine. Animal studies indicated that all 16 viruses were nonlethal in mice, and four of six viruses showed reduced virulence in chickens upon intranasally inoculation. Importantly, the H7N9 viruses detected in this study exclusively bound to the avian-type receptors, having lost the capacity to bind to human-type receptors. Our study shows that vaccination slows the evolution of H7N9 virus by preventing its reassortment with other viruses and eliminates a harmful characteristic of H7N9 virus, namely its ability to bind to human-type receptors.;10.1080/22221751.2024.2343912;not included;birds;china;mechanistic analysis;mentioned but not applied;unknown;excluded due to not meeting modelling and optimization criteria;0;0;0
37853425;Lambert S;2023 Oct 18;A systematic review of mechanistic models used to study avian influenza virus transmission and control.;The global spread of avian influenza A viruses in domestic birds is causing increasing socioeconomic devastation. Various mechanistic models have been developed to better understand avian influenza transmission and evaluate the effectiveness of control measures in mitigating the socioeconomic losses caused by these viruses. However, the results of models of avian influenza transmission and control have not yet been subject to a comprehensive review. Such a review could help inform policy makers and guide future modeling work. To help fill this gap, we conducted a systematic review of the mechanistic models that have been applied to field outbreaks. Our three objectives were to: (1) describe the type of models and their epidemiological context, (2) list estimates of commonly used parameters of low pathogenicity and highly pathogenic avian influenza transmission, and (3) review the characteristics of avian influenza transmission and the efficacy of control strategies according to the mechanistic models. We reviewed a total of 46 articles. Of these, 26 articles estimated parameters by fitting the model to data, one evaluated the effectiveness of control strategies, and 19 did both. Values of the between-individual reproduction number ranged widely: from 2.18 to 86 for highly pathogenic avian influenza viruses, and from 4.7 to 45.9 for low pathogenicity avian influenza viruses, depending on epidemiological settings, virus subtypes and host species. Other parameters, such as the durations of the latent and infectious periods, were often taken from the literature, limiting the models' potential insights. Concerning control strategies, many models evaluated culling (n = 15), while vaccination received less attention (n = 6). According to the articles reviewed, optimal control strategies varied between virus subtypes and local conditions, and depended on the overall objective of the intervention. For instance, vaccination was optimal when the objective was to limit the overall number of culled flocks. In contrast, pre-emptive culling was preferred for reducing the size and duration of an epidemic. Early implementation consistently improved the overall efficacy of interventions, highlighting the need for effective surveillance and epidemic preparedness.;10.1186/s13567-023-01219-0;not included;birds;unknown;mechanistic models;mentioned but not applied;culling vaccination;does not meet criteria for modeling and optimization;0;0;0
39937724;Li M;2025 Dec;Insights and progress on epidemic characteristics, pathogenesis, and preventive measures of African swine fever virus: A review.;The African swine fever virus (ASFV) is the only giant double-stranded DNA virus known to be transmitted by insect vectors. It can infect pigs and cause clinical signs such as high fever, bleeding, and splenomegaly, which has been classified as a reportable disease by the WOAH. In 2018, African swine fever (ASF) was introduced into China and rapidly spread to several countries in the Asia-Pacific region, with morbidity and mortality rates reaching 100 percent, resulting in significant economic losses to the global pig industry. Because ASFV has large genomes and a complex escape host mechanism, there are currently no safe and effective drugs or vaccines against it. Therefore, it is necessary to optimize vaccination procedures and find effective treatments by studying the epidemiology of ASFV to reduce economic losses. This article reviews research progress on pathogenesis, genome, proteome and transcriptome, pathogenic mechanisms, and comprehensive control measures of ASFV infection.;10.1080/21505594.2025.2457949;not included;pigs;china;unknown;mentioned but not applied;unknown;excluded due to review format;0;0;0
32598922;Tao D;2020 Nov;One year of African swine fever outbreak in China.;African swine fever (ASF) is a major threat to domestic pigs and wild boars. Since 2018, ASF outbreaks have been ongoing in China. As of August 3, 2019, a total of 151 ASF clusters of outbreaks reported in China have caused severe economic losses for the industry, the pig farmers and pork producers, due to the lack of an efficacious vaccine. The present study aims to analyze the epidemiologic characteristics of ASF outbreak that occurred in several regions across China during the period August 2018- August 2019. Particular focus was on the epidemic distribution, main transmission routes, incidence/fatality, impact on pig production capacity, and the main preventive measures adopted to mitigate the risk of ASF spread in pig farming systems by Chinese government. Results show that anthropogenic factors, spatial distribution, efficient measures taken by China,and good response timely in implementation of preventive measures are important on the transmission of ASF and these suggest that effective ASF risk management in China will require a comprehensive and integrated approach linking science and implemented by all relevant stakeholders. This provides an empirical basis to optimize current interventions as well as develop new tools and strategies to reduce the risk transmission of African swine fever virus (ASFV) to domestic pigs and wild boars.;10.1016/j.actatropica.2020.105602;not included;pigs;wild boars;china;statistical analysis;unknown;preventive measures are not optimization methods;0;0;0
37306707;Zeng D;2023 Aug;Quickly assessing disinfection effectiveness to control the spread of African swine fever virus.;Infectious African swine fever virus (ASFV) can cause the spread and morbidity of African swine fever, while the inactivated virus cannot. When they are not distinguished separately, the detection results will lack authenticity and cause unnecessary panic and detection cost. The detection technology based on cell culture is complex, high-cost, and time-consuming in practice, which is not conducive to the rapid detection of infectious ASFV. In this study, a propidium monoazide (PMA) qPCR detection method for rapid diagnosis of infectious ASFV was constructed. Parameters of PMA concentration, light intensity, and lighting time were under strict safety verification and comparative analysis for optimization. The results determined that the optimal condition for PMA to pretreat ASFV was the final concentration of PMA 100 μM. The light intensity was 40 W, the light duration was 20 min, the target fragment size of the optimal primer probe was 484 bp, and its detection sensitivity for infectious ASFV was 10(1.28) HAD(50)/mL. In addition, the method was innovatively applied to the rapid evaluation of disinfection effect. When ASFV concentration was less than 10(2.28) HAD(50)/mL, the method could still be effective for the evaluation of thermal inactivation effect, and the evaluation ability of chlorine-containing disinfectants was better, and the applicable concentration could reach 10(5.28) HAD(50)/mL. It is worth mentioning that this method can not only reflect whether the virus is inactivated, but also indirectly reflect the degree of damage to viral nucleic acid caused by disinfectants. In conclusion, the PMA-qPCR constructed in this study can be applied to laboratory diagnosis, disinfection effect evaluation, drug development, and other aspects of infectious ASFV and can provide new technical support for effective prevention and control of ASF. KEY POINTS: • A rapid detection method for infectious ASFV was developed • Provide a new scheme for rapid evaluation of disinfection effect of chlorine-containing disinfectants • PMA-qPCR can simultaneously show the survival status of the virus and the damage of nucleic acid.;10.1007/s00253-023-12611-3;not included;african swine fever virus;unknown;pcr;mentioned but not applied;unknown;does not focus on disease surveillance strategies;0;0;0
36700212;Li L;2022;A highly efficient indirect ELISA and monoclonal antibody established against African swine fever virus pK205R.;African swine fever (ASF) is a contagious infectious disease with high lethality which continuously threatens the global pig industry causing huge economic losses. Currently, there are no commercially available vaccines or antiviral drugs that can effectively control ASF. The pathogen of ASF, ASF virus (ASFV) is a double-stranded DNA virus with a genome ranging from 170 to 193 kb and 151 to 167 open reading frames in various strains, which encodes 150-200 proteins. An effective method of monitoring ASFV antibodies, and specific antibodies against ASFV to promote the development of prevention techniques are urgently needed. In the present study, pK205R of ASFV was successfully expressed in mammalian cells using a suspension culture system. An indirect enzyme-linked immunosorbent assay (ELISA) based on the purified pK205R was established and optimized. The monoclonal antibody (mAb) against pK205R recognized a conservative linear epitope ((2)VEPREQFFQDLLSAV(16)) and exhibited specific reactivity, which was conducive to the identification of the recombinant porcine reproductive and respiratory syndrome virus (PRRSV) expressing pK205R. The ELISA method efficiently detected clinical ASFV infection and revealed good application prospects in monitoring the antibody level in vivo for recombinant PRRSV live vector virus expressing the ASFV antigen protein. The determination of the conserved linear epitope of pK205R would contribute to further research on the structural biology and function of pK205R. The indirect ELISA method and mAb against ASFV pK205R revealed efficient detection and promising application prospects, making them ideal for epidemiological surveillance and vaccine research on ASF.;10.3389/fimmu.2022.1103166;not included;pigs;unknown;unknown;mentioned but not applied;unknown;excluded due to laboratory technique focus;0;0;0
25635701;Abdelwhab EM;2015;Epidemiology, ecology and gene pool of influenza A virus in Egypt: will Egypt be the epicentre of the next influenza pandemic?;Outside Asia, Egypt is considered to be an influenza H5N1 epicentre and presents a far greater pandemic risk than other countries. The long-term endemicity of H5N1 and the recent emergence of H9N2 in poultry call attention to the need for unravelling the epidemiology, ecology and highly diverse gene pool of influenza A virus (IAV) in Egypt which is the aim of this review. Isolation of a considerable number of IAV subtypes from several avian and mammalian hosts was described. Co-infections of poultry with H5N1 and H9N2 and subclinical infections of pigs and humans with H1N1 and H5N1 may raise the potential for the reassortment of these viruses. Moreover, the adjustment of IAV genomes, particularly H5N1, to optimize their evolution toward efficient transmission in human is progressing in Egypt. Understanding the present situation of influenza viruses in Egypt will help in the control of the disease and can potentially prevent a possible pandemic.;10.4161/21505594.2014.992662;not included;birds pigs humans;egypt;unknown;mentioned but not applied;unknown;does not focus on specific disease surveillance methods;0;0;0
30151593;Imperiale MJ;2018;The Silver Lining in Gain-of-Function Experiments with Pathogens of Pandemic Potential.;Half a decade after the contentious gain-of-function (GOF) debate of 2012 that followed experimentation showing that highly pathogenic avian influenza virus could become mammalian transmissible, it is possible to reflect on the arguments for and against this type of research. In this essay we argue that GOF-type experiments have already produced important information not available from any other source while also providing information on pathogenesis and the requirements for optimizing strains for vaccine production. We analyze the moral arguments against GOF and find them less compelling for a variety of reasons ranging from the uncertainty of risk-benefit analysis to the reduced likelihood of accidents given the enhanced biosafety and biosecurity protocols currently in place. In our view the most important consequence of the GOF debate is that it brought renewed attention to biosafety protocols and ushered innovation in answering the relevant biological questions with greater safety. We conclude that GOF experiments should go forward provided that necessary biosafety and biosecurity conditions are in place.;10.1007/978-1-4939-8678-1_28;not included;unknown;unknown;unknown;mentioned but not applied;unknown;does not meet criteria;0;0;0
36680090;Li L;2022 Dec 23;The Indirect ELISA and Monoclonal Antibody against African Swine Fever Virus p17 Revealed Efficient Detection and Application Prospects.;Since 2018, the outbreak and prevalence of the African swine fever virus (ASFV) in China have caused huge economic losses. Less virulent ASFVs emerged in 2020, which led to difficulties and challenges for early diagnosis and control of African swine fever (ASF) in China. An effective method of monitoring ASFV antibodies and specific antibodies against ASFV to promote the development of prevention techniques are urgently needed. In the present study, ASFV p17 was successfully expressed in CHO cells using a suspension culture system. An indirect enzyme-linked immunosorbent assay (ELISA) based on purified p17 was established and optimized. The monoclonal antibody (mAb) against p17 recognized a conservative linear epitope ((3)TETSPLLSH(11)) and exhibited specific reactivity, which was conducive to the identification of recombinant porcine reproductive and respiratory syndrome virus (PRRSV) expressing p17. The ELISA method efficiently detected clinical ASFV infection and effectively monitored the antibody levels in vivo after recombinant PRRSV live vector virus expressing p17 vaccination. Overall, the determination of the conserved linear epitope of p17 would contribute to the in-depth exploration of the biological function of the ASFV antigen protein. The indirect ELISA method and mAb against ASFV p17 revealed efficient detection and promising application prospects, making them ideal for epidemiological surveillance and vaccine research on ASF.;10.3390/v15010050;not included;pigs;china;probabilistic;mentioned but not applied;risk-based monitoring;laboratory techniques excluded or false;0;0;0
29799177;Podgórski T;2018 Dec;Do wild boar movements drive the spread of African Swine Fever?;The spatial behaviour of hosts can seriously affect the transmission of pathogens and spatial spread of diseases. Understanding the relationship between host movements and disease dynamics is of prime importance for optimizing disease control efforts. African swine fever (ASF), a devastating disease of wild and domestic suids, has been spreading continuously through eastern Europe since 2007. The wild boar (Sus scrofa) has been implicated in the epidemiology of this disease, but the role of wild boar movements in ASF dynamics and spread has not been studied and remains largely speculative. Here, we examined whether monthly parameters of wild boar movements (dispersal distance of yearlings, home range size of adult males and females) can explain variation in the spatio-temporal dynamics of the ASF outbreak in the wild boar population in north-eastern Poland, 2014-2015. We expected to observe a positive relationship between host mobility and disease spread. Contrary to our expectations, we found that movements of wild boar, despite their seasonal variation, were poor predictors of ASF dynamics in space and time. During the 2 years of the study, ASF spread gradually at a steady pace of 1.5 km/month without significant changes across seasons. None of the analysed movement parameters explained variation in the measures of ASF occurrence and spread (i.e., number of cases, prevalence, size and expansion rate of the outbreak area). We believe that the factor limiting the influence of host movements on ASF dynamics is the severity of the disease, which quickly hampers extensive movements and restricts disease transmission to only the most immediate individuals. Three natural factors constrain direct disease transmission: wild boar social structure, the short duration of low-level virus shedding and high virus-induced lethality, followed by indirect transmission through infected carcasses. These most likely shape the gradual spread of ASF in space and its persistence in already infected areas.;10.1111/tbed.12910;not included;wild boar;poland;mechanistic modelling;mentioned but not applied;unknown;does not focus on optimization or statistical methods for disease surveillance;1;0;1
39339917;Snoeck CJ;2024 Sep 10;Comparison of Extraction Methods for the Detection of Avian Influenza Virus RNA in Cattle Milk.;Since early 2024, a multistate outbreak of highly pathogenic avian influenza H5N1 has been affecting dairy cattle in the USA. The influenza viral RNA concentrations in milk make it an ideal matrix for surveillance purposes. However, viral RNA detection in multi-component fluids such as milk can be complex, and optimization of influenza detection methods is thus required. Raw bulk tank milk and mastitis milk samples were artificially contaminated with an avian influenza strain and subjected to five extraction methods. HCoV-229E and synthetic RNA were included as exogenous internal process controls. Given the high viral load usually observed in individual raw milk samples, four out of five tested methods would enable influenza detection in milk with normal texture, over a time window of at least 2 weeks post-onset of clinical signs. Nevertheless, sample dilution 1:3 in molecular transport medium prior to RNA extraction provided the best results for dilution of inhibitory substances and a good recovery rate of influenza RNA, that reached 12.5 ± 1.2% and 10.4 ± 3.8% in two independent experiments in bulk milk and 11.2 ± 3.6% and 10.0 ± 2.9% on two cohorts of mastitis milk samples. We have also shown compatibility of an influenza RT-qPCR system with synthetic RNA detection for simultaneous validation of the RNA extraction and RT-qPCR processes.;10.3390/v16091442;not included;cattle;usa;probabilistic;mentioned but not applied;risk-based monitoring;not meeting criteria due to lack of modeling and optimization details;0;0;0
38206527;Kimi R;2024 Jan 11;Spatio-temporal dynamics and distributional trend analysis of African swine fever outbreaks (2020-2021) in North-East India.;African swine fever (ASF) is a highly contagious, notifiable, and fatal hemorrhagic viral disease affecting domestic and wild pigs. The disease was reported for the first time in India during 2020, resulted in serious outbreaks and economic loss in North-Eastern (NE) parts, since 47% of the Indian pig population is distributed in the NE region. The present study focused on analyzing the spatial autocorrelation, spatio-temporal patterns, and directional trend of the disease in NE India during 2020-2021. The ASF outbreak data (2020-2021) were collected from the offices of the Department of Animal Husbandry and Veterinary Services in seven NE states of India to identify the potential clusters, spatio-temporal aggregation, temporal distribution, disease spread, density maps, and risk zones. Between 2020 and 2021, a total of 321 ASF outbreaks were recorded, resulting in 59,377 deaths. The spatial pattern analysis of the outbreak data (2020-2021) revealed that ASF outbreaks were clustered in 2020 (z score = 2.20, p < .01) and 2021 (z score = 4.89, p < .01). Spatial autocorrelation and Moran's I value (0.05-0.06 in 2020 and 2021) revealed the spatial clustering and spatial relationship between the outbreaks. The hotspot analysis identified districts of Arunachal Pradesh, Assam and districts of Mizoram, Tripura as significant hotspots in 2020 and 2021, respectively. The spatial-scan statistics with a purely spatial and purely temporal analysis revealed six and one significant clusters, respectively. Retrospective unadjusted, temporal, and spatially adjusted space-time analysis detected five, five, and two statistically significant (p < .01) clusters, respectively. The directional trend analysis identified the direction of disease distribution as northeast-southwest (2020) and north-south (2021), indicate the possibility of ASF introduction to India from China. The high-risk zones and spatio-temporal pattern of ASF outbreaks identified in the present study can be used as a guide for deploying proper prevention, optimizing resource allocation and disease control measures in NE Indian states.;10.1007/s11250-023-03883-y;not included;pigs;india;spatial autocorrelation;moran's i;hotspot analysis;spatio-temporal pattern analysis;0;0;0
35733347;Mai NT;2022 Sep;Early-phase risk assessments during the first epidemic year of African swine fever outbreaks in Vietnamese pigs.;BACKGROUND: African swine fever (ASF) is a notifiable viral disease of pigs and wild boars that could lead to serious economic losses for the swine industry. OBJECTIVES: The aim of this study was to identify risk factors in the early phase of ASF outbreaks in Vietnamese swine herds during the first epidemic year. METHODS: The period of interest for this case-control study was February to July 2019. A questionnaire was administered in northern Vietnam where all early cases of ASF were reported. Producers of herds with reported cases were asked to provide information starting from the day of onset of clinical signs as well as 30 days prior to that day. The period of interest for controls was within the 6 months of the first outbreak in Vietnam (February 2019). Questionnaires included 55 questions. responses were received from 67 cases and 115 controls. Logistic regression analysis was used to identify factors associated with ASF status. RESULTS: Thirty-seven variables of interest (among a total of 55 variables) were associated with ASF status in univariate analysis (p < 0.05). These 37 variables were assessed for inclusion in the multivariate analysis by backward stepwise selection. Six variables remained significant as ASF risk factors in the final model: distance to farm within 500 m, distance of irrigation systems within 200 m, total number of pigs (≤500), absence of dressing rooms for workers/visitors before entering the farm, poor hygienic practices for people within the farm, and poor hygienic practices at pig loading/unloading locations. CONCLUSIONS: These results may help in understanding the epidemiology of ASF in Vietnam and provide a scientific basis for optimization of current interventions and development of new tools and strategies to reduce transmission of ASF.;10.1002/vms3.852;not included;pigs;vietnam;logistic regression;mentioned but not applied;risk-based monitoring;does not meet criteria for modelling or optimization;0;0;0
35612629;Zhao H;2022 Jun;HRP-conjugated-nanobody-based cELISA for rapid and sensitive clinical detection of ASFV antibodies.;African swine fever (ASF), which is caused by the ASF virus (ASFV), is a highly contagious hemorrhagic disease that causes high mortality to domestic porcine and wild boars and brings huge economic losses to world swine industry. Due to the lack of an effective vaccine, the control of ASF must depend on early, efficient, and cost-effective detection and strict control and elimination strategies. Traditional serological testing methods are generally associated with high testing costs, complex operations, and high technical requirements. As a promising alternative diagnostic tool to traditional antibodies, nanobodies (Nb) have the advantages of simpler and faster generation, good stability and solubility, and high affinity and specificity, although the system is dependent on the immunization of Bactrian camels to obtain the specific VHH library of the target protein. The application of Nbs in the detection of ASFV antibodies has not yet been reported yet. Using a phage display technology, one Nb against the ASFV p54 protein that exhibited high specificity and affinity, Nb8, was successfully screened. A HEK293T cell line stably expressing Nb8-horseradish peroxidase (HRP) fusion protein was established using the lentiviral expression system. Following the optimization of the reaction conditions, the Nb8-HRP fusion protein was successfully used to establish a competitive enzyme-linked immunosorbent assay (cELISA) to detect ASFV-specific antibodies in pig serum, for the first time. There was no cross-reaction with healthy pig serum, porcine pseudorabies virus (PRV), porcine reproductive and respiratory syndrome virus (PRRSV), classical swine fever virus (CSFV), porcine epidemic diarrhea virus (PEDV), and classical swine fever virus (CSFV) positive sera. The optimal cut-off value for the cELISA by ROC analysis was 52.5%. A total of 209 serum samples were tested using the developed cELISA and a commercial ELISA kit. The results showed that the relative specificity of the cELISA was 98.97%, and the relative sensitivity of the cELISA was 93.3%, with the percent agreement between the two ELISA methods being 98.56%. In conclusion, a specific, sensitive, and repeatable cELISA was successfully developed based on the Nb8 as a probe, providing a promising method for the detection of anti-ASFV antibodies in clinical pig serum. KEY POINTS: • We successfully screened a specific, high affinity nanobody against ASFV p54 protein. • We establish a method for continuous and stable expression of Nb-HRP fusion protein using a lentiviral packaging system. • We establish a nanobody cELISA detection method that can monitor an ASF infection.;10.1007/s00253-022-11981-4;not included;pigs;unknown;unknown;mentioned but not applied;unknown;does not meet inclusion criteria;0;0;0
27611939;Giménez-Lirola LG;2016;Detection of African Swine Fever Virus Antibodies in Serum and Oral Fluid Specimens Using a Recombinant Protein 30 (p30) Dual Matrix Indirect ELISA.;In the absence of effective vaccine(s), control of African swine fever caused by African swine fever virus (ASFV) must be based on early, efficient, cost-effective detection and strict control and elimination strategies. For this purpose, we developed an indirect ELISA capable of detecting ASFV antibodies in either serum or oral fluid specimens. The recombinant protein used in the ELISA was selected by comparing the early serum antibody response of ASFV-infected pigs (NHV-p68 isolate) to three major recombinant polypeptides (p30, p54, p72) using a multiplex fluorescent microbead-based immunoassay (FMIA). Non-hazardous (non-infectious) antibody-positive serum for use as plate positive controls and for the calculation of sample-to-positive (S:P) ratios was produced by inoculating pigs with a replicon particle (RP) vaccine expressing the ASFV p30 gene. The optimized ELISA detected anti-p30 antibodies in serum and/or oral fluid samples from pigs inoculated with ASFV under experimental conditions beginning 8 to 12 days post inoculation. Tests on serum (n = 200) and oral fluid (n = 200) field samples from an ASFV-free population demonstrated that the assay was highly diagnostically specific. The convenience and diagnostic utility of oral fluid sampling combined with the flexibility to test either serum or oral fluid on the same platform suggests that this assay will be highly useful under the conditions for which OIE recommends ASFV antibody surveillance, i.e., in ASFV-endemic areas and for the detection of infections with ASFV isolates of low virulence.;10.1371/journal.pone.0161230;not included;pigs;unknown;unknown;mentioned but not applied;unknown;does not meet criteria for modelling or optimization;0;0;0
35698807;Wang Y;2022 Jul;Development of a ladder-shape melting temperature isothermal amplification (LMTIA) assay for detection of African swine fever virus (ASFV).;BACKGROUND: Due to the unavailability of an effective vaccine or antiviral drug against the African swine fever virus (ASFV), rapid diagnosis methods are needed to prevent highly contagious African swine fever. OBJECTIVES: The objective of this study was to establish the ladder-shape melting temperature isothermal amplification (LMTIA) assay for the detection of ASFV. METHODS: LMTIA primers were designed with the p72 gene of ASFV as the target, and plasmid pUC57 was used to clone the gene. The LMTIA reaction system was optimized with the plasmid as the positive control, and the performance of the LMTIA assay was compared with that of the commercial real-time polymerase chain reaction (PCR) kit in terms of sensitivity and detection rate using 200 serum samples. RESULTS: Our results showed that the LMTIA assay could detect the 10(4) dilution of DNA extracted from the positive reference serum sample, which was the same as that of the commercial real-time PCR kit. The coincidence rate between the two assays was 100%. CONCLUSIONS: The LMTIA assay had high sensitivity, good detection, and simple operation. Thus, it is suitable for facilitating preliminary and cost-effective surveillance for the prevention and control of ASFV.;10.4142/jvs.22001;not included;african swine;unknown;isothermal amplification;mentioned but not applied;unknown;does not focus on disease surveillance strategies;0;0;0
34260273;Liu H;2021 Sep 20;A Semiautomated Luciferase Immunoprecipitation Assay for Rapid and Easy Detection of African Swine Fever Virus Antibody.;African swine fever (ASF) is a highly contagious viral disease of domestic pigs and wild boars. For disease surveillance and control, we developed a rapid and easy luciferase immunoprecipitation assay (MB-LIPS) to detect ASF virus (ASFV) antibody. The MB-LIPS is based on magnetic beads modified with protein A/G and the recombinant fusion protein of ASFV p30 and luciferase, where p30 functioned as the recognition element and luciferase as the signal component. Incubation and washing could be finished automatically on a machine with magnetic rods. Under optimal conditions, the MB-LIPS showed 96.3% agreement to a commercial enzyme-linked immunosorbent assay (ELISA) kit for detecting ASFV antibody in swine sera. Analyzing serial dilutions of a swine serum sample showed that the MP-LIPS assay was 4 times more sensitive than the ELISA kit. The whole run of the MB-LIPS could be completed within 30 min. With its high sensitivity and simple operation, the MB-LIPS platform has great potential to be used for the detection of ASFV antibody and ASF control in small labs and farms.;10.1128/JCM.00990-21;not included;pigs;unknown;unknown;mentioned but not applied;unknown;excluded due to laboratory method focus;0;0;0
33669073;Elnagar A;2021 Feb 25;Swift and Reliable Easy-Lab Methods for the Sensitive Molecular Detection of African Swine Fever Virus.;African swine fever (ASF) is a contagious viral hemorrhagic disease of domestic pigs and wild boars. The disease is notifiable to the World Organisation for Animal Health (OIE) and is responsible for high mortality and serious economic losses. PCR and real-time PCR (qPCR) are the OIE-recommended standard methods for the direct detection of African swine fever virus (ASFV) DNA. The aim of our work was the simplification and standardization of the molecular diagnostic workflow in the lab. For validation of this easy-lab workflow, different sample materials from animal trials were collected and analyzed (EDTA blood, serum, oral swabs, chewing ropes, and tissue samples) to identify the optimal sample material for diagnostics in live animals. Based on our data, the EDTA blood samples or bloody tissue samples represent the best specimens for ASFV detection in the early and late phases of infection. The application of prefilled ready-to-use reagents for nucleic acid extraction or the use of a Tissue Lysis Reagent (TLR) delivers simple and reliable alternatives for the release of the ASFV nucleic acids. For the qPCR detection of ASFV, different published and commercial kits were compared. Here, a lyophilized commercial kit shows the best results mainly based on the increased template input. The good results of the easy-lab strategy could be confirmed by the ASFV detection in field samples from wild boars collected from the 2020 ASFV outbreak in Germany. Appropriate internal control systems for extraction and PCR are key features of the easy-lab concept and reduce the risk of false-negative and false-positive results. In addition, the use of easy-to-handle machines and software reduces training efforts and the misinterpretation of results. The PCR diagnostics based on the easy-lab strategy can realize a high sensitivity and specificity comparable to the standard PCR methods and should be especially usable for labs with limited experiences and resources.;10.3390/ijms22052307;not included;pigs;germany;pcr;mentioned but not applied;risk-based monitoring;not a modelling study;0;0;0
22312990;Lee DH;2011 Dec;Antiviral efficacy of oseltamivir against avian influenza virus in avian species.;Avian influenza is one of the most contagious viral diseases in bird species and, increasingly, interspecies transmission to mammalian species has been reported. Prevention and eradication of avian influenza virus (AIV) infection in birds may require vaccines as part of a comprehensive program including biosecurity, culling, diagnostics, and surveillance. However, for valuable bird species in zoos, novel eradication strategies are needed, including antiviral treatments. The present study evaluated the anti-influenza efficacy of the potent neuraminidase inhibitor oseltamivir in avian species using the orders Galliformes (chickens) and Anseriformes (ducks). Viral replication of low pathogenic AIV was significantly reduced in the chicken model and completely reduced in the duck model. Anti-influenza drug administration to valuable bird species with an appropriate extrapolation approach could be useful for control of AIV in combination with active surveillance and vaccination strategies. Further, evaluation of oseltamivir against highly pathogenic avian influenza (HPAI) using avian models would be needed to optimize the oseltamivir application guideline for HPAI control.;10.1637/9725-031811-ResNote.1;not included;birds;unknown;unknown;mentioned but not applied;unknown;does not meet criteria as modelling and optimization unclear;0;0;0
40303158;An Q;2024;Spatial and Temporal Characteristic Analysis and Risk Assessment of Global Highly Pathogenic Avian Influenza H5N8 Subtype.;H5N8 HPAI is a highly infectious avian disease that now poses a serious threat and potential risk to poultry farming, wild birds, and public health. In this study, to investigate the seasonality and transmission directionality of global H5N8 HPAI, the spatial and temporal analysis of H5N8 HPAI was conducted using time series decomposition and directional distribution analysis. An ecological niche model was developed for H5N8 HPAI in poultry to identify areas at high risk of H5N8 HPAI in poultry and associated risk factors. The results indicated that three global pandemics of H5N8 HPAI emerged from 2014 to 2022, all showing a southeast-northwest distribution direction. H5N8 HPAI occurred more frequently in winter and less frequently in summer. The southwestern border region and the southeastern region of North America, the southern region of South America, most of Europe, the southern border region and the northern border region of Africa, and the southwestern region and the southeastern region of Asia provide the suitable environment for the occurrence of H5N8 HPAI in poultry. Chicken density, duck density, population density, bio1 (annual mean temperature), and land cover were considered important variables for the occurrence of H5N8 HPAI in poultry. This study can help optimize the use of resources and provide new information for policymakers to carry out prevention and control efforts.;10.1155/2024/5571668;not included;birds;unknown;time series decomposition;mentioned but not applied;risk assessment;excluded due to not meeting modelling and optimization criteria;0;0;0
38988336;Wilson J;2024 Jul;It's time to apply outbreak response best practices to avian influenza: A national call to action.;Cases of high pathogenicity avian influenza (HPAI) in Canada are upon us again and with reports of infection in US dairy cattle and a dairy farmer in the United States, concern has been raised. Although panic isn't helpful, this heightened level of concern is appropriate, given that reports of human infections with the H5N1 virus often indicate high mortality rates. These can range from 14 to 50%. The current devastating impact of the virus on the poultry industry, as well as its propensity to mutate are also reasons for concern. At the same time, HPAI provides an opportunity for the poultry and livestock industries to align and organize coherently for the management of all zoonotic diseases and other industry issues. To manage HPAI more effectively, it is essential to align all stakeholders under Outbreak Response Best Practices using a formal Quality Management System (QMS). The objective of this article is to describe this approach with examples drawn from management of the Walkerton waterborne disease crisis. We urge the veterinary profession to rise to the challenge of HPAI and use it as a context in which to align more coherently with national stakeholders for the prevention and management of all priority issues within the areas of Agri-food and Public Health.;;not included;birds;canada;unknown;mentioned but not applied;risk-based monitoring;does not meet criteria;0;0;0
34791799;Soler V;2022 Jan;Health status of free-ranging pure and cross-mixed miniature swine population from Northeast Spain.;BACKGROUND: Miniature pigs have gained popularity as companion animals in the recent years in Spain. Due to the fact that their abandonment and crossing breeds with wild boars can cause severe problems, investigation about the health status is needed. OBJECTIVES: The aim of this study was to determine their health status according to the clinical findings during physical examination and the results of antibody serology tests against selected infectious diseases. METHODS: Two-hundred and eleven miniature pigs (Sus scrofa) were included in the study. Their origin, age, sex, housing conditions and diet were recorded. RESULTS: The housing of the animals ranged from wild animals to ones living in animal sanctuaries. The diet varied from a natural one in the wild to commercial and homemade food. Thirty animals out of two-hundred and eleven were hybrids between miniature pigs and wild boars according to morphological characteristics. Antibody serology techniques of Influenza A virus, Hepatitis E virus, brucellosis, tuberculosis, African swine fever, Classical swine fever and Aujeszky's disease was performed. The prevalence for Influenza A was 5.30%, for Hepatitis E was 5.35% and the rest tested negative. It is important to control and monitor these zoonotic infections to prevent Public Health problems. CONCLUSIONS: The results obtained from this investigation demonstrated that the animals' health status in this study is optimal and the diseases prevalence is similar or minor when compared to previous studies. This study confirms the hybridization of miniature pig and wild boar in Catalonia.;10.1002/vms3.665;not included;pigs;spain;serology;mentioned but not applied;unknown;study focuses on health status not surveillance or modelling;0;0;0
35682982;Duong BT;2022 Jun 4;Development of a Rapid Fluorescent Diagnostic System for Early Detection of the Highly Pathogenic Avian Influenza H5 Clade 2.3.4.4 Viruses in Chicken Stool.;Rapid diagnosis is essential for the control and prevention of H5 highly pathogenic avian influenza viruses (HPAIVs). However, highly sensitive and rapid diagnostic systems have shown limited performance due to specific antibody scarcity. In this study, two novel specific monoclonal antibodies (mAbs) for clade 2.3.4.4 H5Nx viruses were developed by using an immunogen from a reversed genetic influenza virus (RGV). These mAbs were combined with fluorescence europium nanoparticles and an optimized lysis buffer, which were further used for developing a fluorescent immunochromatographic rapid strip test (FICT) for early detection of H5Nx influenza viruses on chicken stool samples. The result indicates that the limit of detection (LoD) of the developed FICT was 40 HAU/mL for detection of HPAIV H5 clade 2.3.4.4b in spiked chicken stool samples, which corresponded to 4.78 × 10(4) RNA copies as obtained from real-time polymerase chain reaction (RT-PCR). An experimental challenge of chicken with H5N6 HPAIV is lethal for chicken three days post-infection (DPI). Interestingly, our FICT could detect H5N6 in stool samples at 2 DPI earlier, with 100% relative sensitivity in comparison with RT-PCR, and it showed 50% higher sensitivity than the traditional colloidal gold-based rapid diagnostic test using the same mAbs pair. In conclusion, our rapid diagnostic method can be utilized for the early detection of H5Nx 2.3.4.4 HPAIVs in avian fecal samples from poultry farms or for influenza surveillance in wild migratory birds.;10.3390/ijms23116301;not included;chickens;unknown;unknown;mentioned but not applied;unknown;does not meet criteria;0;0;0
21703008;Liu CG;2011 Jun 26;Evaluation of several adjuvants in avian influenza vaccine to chickens and ducks.;The effects of three different adjuvants, mineral oil, Montanide™ ISA 70M VG, and Montanide™ ISA 206 VG, were evaluated on reverse genetics H5N3 avian influenza virus cell cultured vaccine. The immune results of SPF chickens after challenging with highly pathogenic avian influenza (HPAI) virus demonstrated that mineral oil adjuvant group and 70M adjuvant group provided 100% protection efficiency, but 206 adjuvant group provided only 40%. Statistical analysis indicated that the protection effects of mineral oil adjuvant group and the 70M adjuvant showed no significant difference to each other, but with significant difference to 206 adjuvant group. All three groups could induce high titres of antibody after immunizing SPF ducks, but there was no significant difference among them. The immunization effect of 70M adjuvant group on SPF chickens were the best and showed significant difference compared with optimized 70Mi Montanide™ eight series adjuvants groups. These results suggest that 70M adjuvant could be a novel adjuvant for preparing avian influenza vaccine.;10.1186/1743-422X-8-321;not included;chickens;ducks;statistical analysis;mentioned but not applied;unknown;does not involve modelling or optimization techniques;0;0;0
22312986;Molia S;2011 Dec;Avian influenza and Newcastle disease in three risk areas for H5N1 highly pathogenic avian influenza in Mali, 2007-2008.;Our survey aimed to investigate avian influenza (AI) and Newcastle disease (ND) prevalence and risk factors in three areas of Mali at risk for occurrence of H5N1 highly pathogenic avian influenza. Blood samples and cloacal and oropharyngeal swabs were collected from 1470 birds between February 2007 and May 2008 and were tested by commercial enzyme-linked immunosorbent assay to detect antibodies and real-time reverse-transcription (rRT)-PCR to detect virus. Risk factors associated with seropositivity or positive rRT-PCR were identified by random effect logistic regression. AI seroprevalence was significantly lower in birds from commercial farms (0%) than in village backyard birds (3.1%). For backyard birds, no individual risk factors (species, age, sex) were identified, but birds in the Mopti area in the Sahelian zone, where millions of wild birds migrate, were more seropositive than in the Sikasso area in the Sudano-Guinean zone (odds ratio [OR] = 2.0, P = 0.051). Among backyard birds nonvaccinated against ND, ND seroprevalence was 58.4%, and the odds of seropositivity was 2.0 higher in chickens than in ducks, 1.7 higher in females than in males, 3.1 higher in adults than in young birds, and 3.0 higher in poultry from the Sikasso area than from the Mopti area (P < 0.01 in all cases). Prevalence established by rRT-PCR was low for both AI virus (1.1%) and ND virus (2.6%) and was associated with no risk factors for AI but was higher in chickens than in ducks (OR = 5.3, P = 0.05) and in the Sikasso area than in the Mopti area (OR = 3.4, P = 0.027) for ND. For AI and ND, prevalence assessed by serology or rRT-PCR varied over time, although seasonal and interannual variation could not be clearly distinguished. The intracluster correlation coefficient for serologic data was low for AI (0.014) and higher for ND (0.222). These results are useful to optimize surveillance and control strategy for notifiable avian diseases in African countries with similar agroecological and resource-limited contexts.;10.1637/9775-050911-Reg.1;not included;birds;mali;logistic regression;mentioned but not applied;risk-based monitoring;does not meet criteria for modelling or optimization;0;0;0
32376941;Kondru N;2020 May 6;An Ex Vivo Brain Slice Culture Model of Chronic Wasting Disease: Implications for Disease Pathogenesis and Therapeutic Development.;Chronic wasting disease (CWD) is a rapidly spreading prion disease of cervids, yet antemortem diagnosis, treatment, and control remain elusive. We recently developed an organotypic slice culture assay for sensitive detection of scrapie prions using ultrasensitive prion seeding. However, this model was not established for CWD prions due to their strong transmission barrier from deer (Odocoileus spp) to standard laboratory mice (Mus musculus). Therefore, we developed and characterized the ex vivo brain slice culture model for CWD, using a transgenic mouse model (Tg12) that expresses the elk (Cervus canadensis) prion protein gene (PRNP). We tested for CWD infectivity in cultured slices using sensitive seeding assays such as real-time quaking-induced conversion (RT-QuIC) and protein misfolding cyclic amplification (PMCA). Slice cultures from Tg12, but not from prnp(-/-) mice, tested positive for CWD. Slice-generated CWD prions transmitted efficiently to Tg12 mice. Furthermore, we determined the activity of anti-prion compounds and optimized a screening protocol for the infectivity of biological samples in this CWD slice culture model. Our results demonstrate that this integrated brain slice model of CWD enables the study of pathogenic mechanisms with translational implications for controlling CWD.;10.1038/s41598-020-64456-9;not included;deer;elk;mouse;unknown;mentioned but not applied;excluded due to laboratory techniques;0;0;0
24488190;Costard S;2014;Using risk assessment as part of a systems approach to the control and prevention of HPAIV H5N1.;Since its emergence in China in 1996, highly pathogenic avian influenza virus subtype H5N1 has spread across Asia, Africa, and Europe. Countries had to promptly implement control and prevention measures. Numerous research and capacity building initiatives were conducted in the affected regions to improve the capacity of national animal health services to support the development of risk-based mitigation strategies. This paper reviews and discusses risk assessments initiated in several South-East Asian and African countries under one of these projects. Despite important data gaps, the risk assessment results improved the ability of policy makers to design appropriate risk management policies. Disease risk was strongly influenced by various human behavioral factors. The ongoing circulation of HPAIV H5N1 in several Asian countries and in Egypt, despite major disease control efforts, supports the need for an interdisciplinary approach to development of tailored risk management policies, in accordance with the EcoHealth paradigm and the broad concept of risk governance. In particular, active stakeholders engagement and integration of economic and social studies into the policy making process are needed to optimize compliance and sustainable behavioral changes, thereby increasing the effectiveness of mitigation strategies.;10.1007/s10393-014-0907-1;not included;birds;china;africa;europe;unknown;risk assessment;0;0;0
34854269;Chen Y;2021 Nov;Development of a multiplex qRT-PCR assay for detection of African swine fever virus, classical swine fever virus and porcine reproductive and respiratory syndrome virus.;BACKGROUND: African swine fever virus (ASFV), classical swine fever virus (CSFV), and porcine reproductive and respiratory syndrome virus (PRRSV) are still prevalent in many regions of China. Co-infections make it difficult to distinguish their clinical symptoms and pathological changes. Therefore, a rapid and specific method is needed for the differential detection of these pathogens. OBJECTIVES: The aim of this study was to develop a multiplex real-time quantitative reverse transcription polymerase chain reaction (multiplex qRT-PCR) for the simultaneous differential detection of ASFV, CSFV, and PRRSV. METHODS: Three pairs of primers and TaqMan probes targeting the ASFV p72 gene, CSFV 5' untranslated region, and PRRSV ORF7 gene were designed. After optimizing the reaction conditions, including the annealing temperature, primer concentration, and probe concentration, multiplex qRT-PCR for simultaneous and differential detection of ASFV, CSFV, and PRRSV was developed. Subsequently, 1,143 clinical samples were detected to verify the practicality of the assay. RESULTS: The multiplex qRT-PCR assay could specifically and simultaneously detect the ASFV, CSFV, and PRRSV with a detection limit of 1.78 × 10(0) copies for the ASFV, CSFV, and PRRSV, but could not amplify the other major porcine viruses, such as pseudorabies virus, porcine circovirus type 1 (PCV1), PCV2, PCV3, foot-and-mouth disease virus, porcine parvovirus, atypical porcine pestivirus, and Senecavirus A. The assay had good repeatability with coefficients of variation of intra- and inter-assay of less than 1.2%. Finally, the assay was used to detect 1,143 clinical samples to evaluate its practicality in the field. The positive rates of ASFV, CSFV, and PRRSV were 25.63%, 9.36%, and 17.50%, respectively. The co-infection rates of ASFV+CSFV, ASFV+PRRSV, CSFV+PRRSV, and ASFV+CSFV+PRRSV were 2.45%, 2.36%, 1.57%, and 0.17%, respectively. CONCLUSIONS: The multiplex qRT-PCR developed in this study could provide a rapid, sensitive, specific diagnostic tool for the simultaneous and differential detection of ASFV, CSFV, and PRRSV.;10.4142/jvs.2021.22.e87;not included;pigs;china;probabilistic;mentioned but not applied;risk-based monitoring;laboratory techniques not applicable or false;0;0;0
27729175;Sitaras I;2016 Nov 4;Mutations in the haemagglutinin protein and their effect in transmission of highly pathogenic avian influenza (HPAI) H5N1 virus in sub-optimally vaccinated chickens.;BACKGROUND: Transmission of highly pathogenic avian influenza (HPAI) viruses in poultry flocks is associated with huge economic losses, culling of millions of birds, as well as human infections and deaths. In the cases where vaccination against avian influenza is used as a control measure, it has been found to be ineffective in preventing transmission of field strains. Reports suggest that one of the reasons for this is the use of vaccine doses much lower than the ones recommended by the manufacturer, resulting in very low levels of immunity. In a previous study, we selected for immune escape mutants using homologous polyclonal sera and used them as vaccines in transmission experiments. We concluded that provided a threshold of immunity is reached, antigenic distance between vaccine and challenge strains due to selection need not result in vaccine escape. Here, we evaluate the effect that the mutations in the haemagglutinin protein of our most antigenically-distant mutant may have in the transmission efficiency of this mutant to chickens vaccinated against the parent strain, under sub-optimal vaccination conditions resembling those often found in the field. METHODS: In this study we employed reverse genetics techniques and transmission experiments to examine if the HA mutations of our most antigenically-distant mutant affect its efficiency to transmit to vaccinated chickens. In addition, we simulated sub-optimal vaccination conditions in the field, by using a very low vaccine dose. RESULTS: We find that the mutations in the HA protein of our most antigenically-distant mutant are not enough to allow it to evade even low levels of vaccination-induced immunity. DISCUSSION: Our results suggest that - for the antigenic distances we investigated - vaccination can reduce transmission of an antigenically-distant strain compared to the unvaccinated groups, even when low vaccine doses are used, resulting in low levels of immunity.;10.1016/j.vaccine.2016.10.002;not included;chickens;unknown;unknown;mentioned but not applied;unknown;does not focus on disease surveillance;0;0;0
22043912;Rogers KG;2011;Diversity and distribution of white-tailed deer mtDNA lineages in chronic wasting disease (CWD) outbreak areas in southern Wisconsin, USA.;Chronic wasting disease (CWD) is a transmissible spongiform encephalopathy affecting North American cervids. Because it is uniformly fatal, the disease is a major concern in the management of white-tailed deer populations. Management programs to control CWD require improved knowledge of deer interaction, movement, and population connectivity that could influence disease transmission and spread. Genetic methods were employed to evaluate connectivity among populations in the CWD management zone of southern Wisconsin. A 576-base-pair region of the mitochondrial DNA of 359 white-tailed deer from 12 sample populations was analyzed. Fifty-eight variable sites were detected within the sequence, defining 43 haplotypes. While most sample populations displayed similar levels of haplotype diversity, individual haplotypes were clustered on the landscape. Spatial clusters of different haplotypes were apparent in distinct ecoregions surrounding CWD outbreak areas. The spatial distribution of mtDNA haplotypes suggests that clustering of the deer matrilineal groups and population connectivity are associated with broad-scale geographic landscape features. These landscape characteristics may also influence the contact rates between groups and therefore the potential spread of CWD. this may be especially true of local disease spread between female social groups. Our results suggest that optimal CWD management needs to be tailored to fit gender-specific dispersal behaviors and regional differences in deer population connectivity. This information will help wildlife managers design surveillance and monitoring efforts based on population interactions and potential deer movement among CWD-affected and unaffected areas.;10.1080/15287394.2011.618980;not included;deer;usa;genetic analysis;mentioned but not applied;risk-based monitoring;does not meet criteria;0;0;0
39057794;Nga BTT;2024 Jul 6;Evaluation of Selective Culling as a Containment Strategy for African Swine Fever at a Vietnamese Sow Farm.;Selective culling, also known as the tooth extraction approach, is a strategy for controlling African swine fever (ASF) by removing only sick and suspect animals instead of the entire herd in Vietnam. This method prioritizes preserving healthy animals, particularly valuable breeding pigs. Despite its implementation in various forms, no standardized protocol based on scientific principles has been established. Farms typically adapt this strategy based on their understanding, which can vary significantly. In implementing of selective culling that is not based on scientific principles, there is a significant risk of spreading the disease. The aim of this study is to evaluate the consequences of selective culling as currently implemented in Vietnam. Our analysis on a large sow farm revealed that current practices rely heavily on clinical observations without laboratory confirmations. This approach allows ASF-infected animals to remain on the farm longer, potentially exacerbating the spread of the virus. Thus, selective culling poses a substantial risk by potentially exacerbating the spread of disease. Our findings emphasize that early diagnosis of ASF and systematic removal of infected pigs are critical components for the effective implementation of selective culling strategies and that a high level of fragmentation to minimize contact between animals plays a key role. The optimal approach is to test conspicuous animals and separate them. Under no circumstances should suspect animals be left in the herd for several days before they become severely ill and succumb to the disease. ;10.3390/pathogens13070567;not included;pigs;vietnam;deterministic modelling;optimization;unknown;does not involve statistical modelling or optimization techniques;0;0;0
31726114;Wang D;2020 Feb;Development of a real-time loop-mediated isothermal amplification (LAMP) assay and visual LAMP assay for detection of African swine fever virus (ASFV).;African swine fever (ASF) is a fatal disease caused by a virus in domestic pigs. In this study, a real-time loop-mediated isothermal amplification (LAMP) assay and visual LAMP assay were developed for the detection of African swine fever virus (ASFV). LAMP primers targeting the p10 gene of ASFV were designed, the LAMP reaction system was optimized with plasmid pUC57 containing the p10 gene sequence, and the specificities of the real-time LAMP and the visual assays were tested with the DNA or cDNA of pseudorabies virus (PRV), porcine circovirus type 2 (PCV2), classical swine fever virus (CSFV), porcine reproductive and respiratory syndrome virus (PRRSV), porcine parvovirus (PPV) and ASFV, as well as the plasmid pUC57 containing the p10 gene sequence. The detection limits were determined using a serial dilution of plasmid pUC57 containing the p10 gene sequence. Our results showed that the LAMP assays could accurately and specifically detect ASFV with a detection limit of 30 copies per μl(-1) of pUC57 containing p10 gene sequence. In addition, the LAMP assays were further evaluated using various genotypes of ASFV strains. Furthermore, the LAMP assays are comparable with the well-established real-time PCR assay. This study provides promising solutions for facilitating preliminary and cost-effective surveillance for prevention and control of ASFV.;10.1016/j.jviromet.2019.113775;not included;pigs;unknown;deterministic modelling;mentioned but not applied;unknown;excluded due to laboratory technique focus;0;0;0
29032628;Krasevec J;2017 Oct;Diet quality and risk of stunting among infants and young children in low- and middle-income countries.;Age-appropriate complementary feeding practices are far from optimal among low- and middle-income countries with available data. The evidence on the association between feeding practices and linear growth is mixed. We sought to systematically examine the association between two indictors of dietary quality-dietary diversity and animal source food (ASF) consumption (WHO, 2008)-and stunting (length-for-age z-score) employing existing data from 39 Demographic and Health Surveys. Data on 74,548 children aged 6-23 months were pooled and multiple logistic regression models, adjusting for child, maternal, and household characteristics, employed to assess the association between dietary quality and stunting. Stratified models by child age and by World Bank country-income classifications (World Bank, 2015) were also applied. Children aged 6-23 months consuming zero food groups in the previous day had a 1.345 higher odds of being stunted when compared to the reference group (≥5 food groups). those who did not consume any ASF in the previous day had a 1.436 higher odds of being stunted compared to children consuming all three types of ASF (egg, meat, and dairy). We estimated that 2,629 cases of stunting would have been averted (12.6% of those stunted) among the population studied if all children had consumed five or more food groups. Outcomes by country-income groupings showed larger associations of diet diversity and ASF consumption for upper- and lower-middle income countries compared to low-income countries. In summary, dietary diversity and ASF consumption were associated with stunting, with associations varying by stratified groups.;10.1111/mcn.12430;not included;children;low- and middle-income countries;logistic regression;mentioned but not applied;risk assessment;does not meet inclusion criteria;0;0;0
30194915;Sun X;2018 Dec;Social network analysis for poultry HPAI transmission.;In this survey study, the networks among poultry farms and related poultry enterprises in two counties in China (Feixi County in Anhui Province and Beizhen city in Liaoning Province) were analysed and evaluated focusing on the connectivity of contacts, movements, and potential pathogen transmission. The Feixi County poultry production network exhibited greater connectivity, which incorporated approximately 94% of the farms interviewed in a major component (a set of connected farms not linked with each other), mainly due to linkages of backyard farms through local produce stores and individual agents, whilst the Beizhen City network was more fragmented owing to independent in-house operations (from breed, raise, to slaughter and process) of a few large companies, with multiple smaller components. A range of factors influencing the contacts/movements among farms (act as bridges) were identified in this study. Ability to predict the pathway with the network characteristics on the basis of the factors, such as entity type and geographic location, is useful for developing risk-based approaches for disease prevention, surveillance, early detection, and effective controlling.;10.1111/tbed.12972;not included;poultry;china;social network analysis;mentioned but not applied;risk-based approaches;does not focus on modelling or optimization techniques;0;0;0
32729566;Maja M;2020 Apr;Compartmentalisation: an example of a national official assurance system.;In South Africa's experience, compartmentalisation has been extremely effective in maintaining an animal subpopulation of a specific health status, based on segregation and biosecurity management. Compartmentalisation promotes animal disease control and underwrites a national official assurance system that provides zoosanitary trade guarantees for animals and animal products. South Africa started to develop the concept of compartmentalisation during the 1950s for the pig sector, due to African swine fever being endemic in wildlife in the north of the country, where certain biosecurity measures were used to protect domestic pigs. Compartmentalisation protocols were formalised and officially published from 2001 as voluntary systems, first for the pig industry and later for the poultry (chicken and ostrich) industry. South Africa uses five basic principles for animal health compartmentalisation, namely, segregation, biosecurity, record-keeping, surveillance and official inspection. These are applied in line with the World Organisation for Animal Health Terrestrial Animal Health Code guidelines. Industry and the farmer bear the costs of compartmentalisation and, in turn, obtain not only animal disease protection but also trade advantages due to health assurances. Compartmentalisation ensures optimal use of government resources as the expenses for animal disease control are shared with private industries. International acceptance and standardisation of compartments is advocated as a measure to provide assurances for disease freedom, based on risk-specific mitigation measures.;10.20506/rst.39.1.3074;not included;pigs;south africa;unknown;mentioned but not applied;unknown;does not focus on statistical modelling or optimization techniques;0;0;0
22305878;Willeberg P;2012 Aug 1;Animal health surveillance applications: The interaction of science and management.; Animal health surveillance is an ever-evolving activity, since health- and risk-related policy and management decisions need to be backed by the best available scientific evidence and methodology. International organizations, trade partners, politicians, media and the public expect fast, understandable, up-to-date presentation and valid interpretation of animal disease data to support and document proper animal health management - in crises as well as in routine control applications. The delivery and application of surveillance information need to be further developed and optimized, and epidemiologists, risk managers, administrators and policy makers need to work together in order to secure progress. Promising new developments in areas such as risk-based surveillance, spatial presentation and analysis, and genomic epidemiology will be mentioned. Limitations and areas in need of further progress will be underlined, such as the general lack of a wide and open exchange of international animal disease surveillance data. During my more than 30 year career as a professor of Veterinary Epidemiology I had the good fortune of working in challenging environments with different eminent colleagues in different countries on a variety of animal health surveillance issues. My career change from professor to Chief Veterinary Officer (CVO) -   from science to application   - was caused by my desire to see for myself if and how well epidemiology would actually work to solve real-life problems as I had been telling my students for years that it would. Fortunately it worked for me! The job of a CVO is not that different from that of a professor of Veterinary Epidemiology. the underlying professional principles are the same. Every day I had to work from science, and base decisions and discussions on documented evidence - although sometimes the evidence was incomplete or data were simply lacking. A basic understanding of surveillance methodology is very useful for a CVO, since it provides a sound working platform not only for dealing with immediate questions when new or emerging disease situations arise, but also for more long-term activities, such as policy development, contingency planning and trade negotiations. Animal health issues, which emerged during my eight years as a CVO in Denmark from 1999 to 2007, will be used as examples, including BSE, FMD, HPAI and Trichinella testing. Emphasis will be placed on how science-based surveillance methodology and tools were developed, applied and documented. ;10.1016/j.prevetmed.2012.01.010;not included;unknown;unknown;mentioned but not applied;unknown;optimization not applied;no specific methods mentioned;0;0;0
27009612;Wawegama NK;2016 Aug;Evaluation of a conserved HA274-288 epitope to detect antibodies to highly pathogenic avian influenza virus H5N1 in Indonesian commercial poultry.;A peptide enzyme linked immunosorbent assay (ELISA) based on an epitope in the haemagglutinin (HA) of avian influenza virus H5N1, amino acid positions 274-288 (HA274-288) was evaluated for detection of H5N1-specific antibodies. An optimized ELISA based on the tetrameric form of the HA274-288 epitope designated MP15 gave low background with non-immune chicken sera and detected vaccinated and infected birds. The HA274-288 epitope was highly conserved in Indonesian H5N1 strains and antibody responses were detected in the majority of the vaccinated chickens regardless of the H5N1 strain used for vaccination. The HA274-288 epitope was also conserved in the majority of H5N1 strains from the neighbouring Asian region, and other H5 subtypes potentially allowing for a wider use of the MP15 ELISA in H5N1 vaccinated and infected flocks. The MP15 ELISA results correlated significantly with haemagglutination inhibition (HI) test results and test sensitivity and specificity were 87% and 92%, respectively. The MP15 ELISA titres were significantly higher than the HI titres in all immune sera allowing for sera to be tested at a single dilution of 1:400 which is of advantage in routine surveillance. The study indicated that the MP15 ELISA is potentially useful for serological detection of H5N1 vaccinated or infected poultry and to have some advantages over the standard HI test for routine monitoring of flocks' immunity after vaccination.;10.1080/03079457.2016.1167276;not included;poultry;indonesia;regression analysis;mentioned but not applied;risk-based monitoring;excluded due to not meeting modelling criteria;0;0;0
20521643;Pfeiffer J;2010 Mar;Efficacy of commercial vaccines in protecting chickens and ducks against H5N1 highly pathogenic avian influenza viruses from Vietnam.;Highly pathogenic (HP) H5N1 avian influenza (AI) viruses continue to circulate in Asia and have spread to other regions of the world. Though attempts at eradication of the viruses during various outbreaks have been successful for short periods of time, new strains of H5N1 viruses continue to emerge and have become endemic in parts of Asia and Africa. Vaccination has been employed in Vietnam as part of AI control programs. Domestic ducks, which make up a large part of poultry in Vietnam, have been recognized as one of the primary factors in the spread of AI in this country. As a result, ducks have been included in the vaccination programs. Despite the effort to control AI in Vietnam, eradication of the disease has not been possible, due in part to the emergence and spread of new viruses. Here, we tested the abilities of avian influenza oil emulsion vaccines of different genetic origins to protect against disease and viral shedding in both 2-wk-old white leghorn chickens and 1-wk-old Pekin ducks. Seventy-five to 100% of vaccinated chickens were protected from mortality, but viral shedding occurred for at least 4 days post challenge. All but one vaccinated duck were protected from mortality. however, all groups shed virus up through at least 5 days postchallenge, depending on the vaccine and challenge virus used. Differences in levels of hemagglutination inhibition (HI) antibody titers induced by the vaccines were observed in both chickens and ducks. Although the vaccines tested were effective in protecting against disease and mortality, updated and more efficacious vaccines are likely needed to maintain optimal protection.;10.1637/8715-031909-Reg.1;not included;chickens;ducks;vietnam;unknown;mentioned but not applied;vaccine efficacy study or false;0;0;0
23002439;Michel B;2012 Nov 1;Genetic depletion of complement receptors CD21/35 prevents terminal prion disease in a mouse model of chronic wasting disease.;The complement system has been shown to facilitate peripheral prion pathogenesis. Mice lacking complement receptors CD21/35 partially resist terminal prion disease when infected i.p. with mouse-adapted scrapie prions. Chronic wasting disease (CWD) is an emerging prion disease of captive and free-ranging cervid populations that, similar to scrapie, has been shown to involve the immune system, which probably contributes to their relatively facile horizontal and environmental transmission. In this study, we show that mice overexpressing the cervid prion protein and susceptible to CWD (Tg(cerPrP)5037 mice) but lack CD21/35 expression completely resist clinical CWD upon peripheral infection. CD21/35-deficient Tg5037 mice exhibit greatly impaired splenic prion accumulation and replication throughout disease, similar to CD21/35-deficient murine prion protein mice infected with mouse scrapie. TgA5037.CD21/35(-/-) mice exhibited little or no neuropathology and deposition of misfolded, protease-resistant prion protein associated with CWD. CD21/35 translocate to lipid rafts and mediates a strong germinal center response to prion infection that we propose provides the optimal environment for prion accumulation and replication. We further propose a potential role for CD21/35 in selecting prion quasi-species present in prion strains that may exhibit differential zoonotic potential compared with the parental strains.;10.4049/jimmunol.1201579;not included;mice;unknown;unknown;mentioned but not applied;unknown;does not meet criteria;0;0;0
40284926;Yin J;2025 Mar 27;Implementation of RT-RAA and CRISPR/Cas13a for an NiV Point-of-Care Test: A Promising Tool for Disease Control.;Nipah virus (NiV) is a severe zoonotic pathogen that substantially threatens public health. Pigs are the natural hosts of NiV and can potentially transmit this disease to humans. Establishing a rapid, sensitive, and accurate point-of-care detection method is critical in the timely identification of infected pig herds. In this study, we developed an NiV detection method based on reverse transcription-recombinase polymerase amplification (RT-RAA) and the clustered regularly interspaced short palindromic repeats (CRISPR)-associated protein 13a (Cas13a) system for the precise detection of NiV. The highly conserved region of the NiV gene was selected as the detection target. We first designed eleven pairs of RT-RAA primers, and the optimal primer combination and reaction temperature were identified on the basis of RT-RAA efficiency. Additionally, the most efficient crRNA sequence was selected on the basis of the fluorescence signal intensity. The results revealed that the optimal reaction temperature for the developed method was 37 °C. The detection limit was as low as 1.565 copies/μL. Specificity testing revealed no cross-reactivity with nucleic acids from six common swine viruses, including Seneca virus A (SVA), foot-and-mouth disease virus (FMDV), classical swine fever virus (CSFV), porcine epidemic diarrhea virus (PEDV), African swine fever virus (ASFV), and pseudorabies virus (PRV). A validation test using simulated clinical samples revealed a 100% concordance rate. The detection results can be visualized via a fluorescence reader or lateral flow strips (LFSs). Compared with conventional detection methods, this RT-RAA-CRISPR/Cas13a-based method is rapid and simple and does not require scientific instruments. Moreover, the reagents can be freeze-dried for storage, eliminating the need for cold-chain transportation. This detection technology provides a convenient and efficient new tool for the point-of-care diagnosis of NiV and for preventing and controlling outbreaks.;10.3390/v17040483;not included;pigs;unknown;unknown;mentioned but not applied;unknown;does not meet inclusion criteria;0;0;0
21216104;Díaz-Martín V;2011 May 31;Cloning, characterization and diagnostic performance of the salivary lipocalin protein TSGP1 from Ornithodoros moubata.;The argasid tick Ornithodoros moubata is distributed throughout South and East Africa and Madagascar, where it colonizes wild and domestic habitats and feeds on warthogs, domestic swine, and humans. This argasid transmits the spirochete Borrelia duttonii, causing East African tick-borne relapsing fever in humans, and the African swine fever virus, which causes a highly lethal haemorrhagic disease in pigs. Tick surveillance and the elimination of O. moubata from synanthropic environments (human dwellings and pigsties) would facilitate the control and prevention of these two diseases. Since direct surveillance methods are impractical in this context, the development of an indirect method for the detection of specific antibodies against tick salivary proteins in samples taken from animal or human hosts living in the area under study would provide a more convenient surveillance and diagnostic tool. Previous work has indicated that the 20A1 salivary antigen of O. moubata could be an optimal candidate for the development of a specific serological test and identified it as an orthologue of the Ornithodoros savignyi TSGP1 lipocalin. The objectives of the present work were to clone, sequence, and molecularly characterize the O. moubata TSGP1, as well as its production as a recombinant protein in order to assess its usefulness as a diagnostic antigen in an ELISA test for tick surveillance. Our results show that O. moubata TSGP1 (OmTSGP1) conserves the tertiary structure of lipocalins and contains the biogenic amine-binding motif. We also show that OmTSGP1 shares 65% sequence identity with the O. savignyi TSGP1, demonstrating that they represent orthologous proteins and suggesting they share identical function as biogenic amine scavengers. A recombinant form of OmTSGP1 was produced, showing 100% sensitivity and 99.4% specificity in an ELISA test for the detection of anti-O. moubata antibodies in pig sera. This recombinant antigen represents a promising epidemiological tool for O. moubata surveillance that may help to implement control measures against O. moubata-borne diseases.;10.1016/j.vetpar.2010.12.014;not included;ticks;africa;serology;mentioned but not applied;diagnostic tool development;excluded due to not meeting modelling or optimization criteria;0;0;0
21192824;He F;2010 Dec 30;Complementary monoclonal antibody-based dot ELISA for universal detection of H5 avian influenza virus.;BACKGROUND: Rapid diagnosis and surveillance for H5 subtype viruses are critical for the control of H5N1 infection. RESULTS: In this study, H5 Dot ELISA, a rapid test for the detection of avian H5N1 influenza virus, was developed with two complementary H5 monoclonal antibodies. HA sequencing of escape mutants followed by epitope mapping revealed that the two Mabs target the epitope component (189th amino acid) on the HA protein but are specific for different amino acids (189Lys or 189Arg). Gene alignment indicated that these two amino acids are the most frequent types on this position among all of the H5 AIV reported in GeneBank. These two H5 Mabs were used together in a dot ELISA to detect H5 viral antigen. The detection limit of the developed test for multiple clades of H5N1 viruses, including clades 0, 1, 2.1, 2.2, 2.3, 4, 7, and 8, was less than 0.5 hemagglutinin units. The specificity of the optimized dot ELISA was examined by using 100 H5 strains, including H5N1 HPAI strains from multiple clades, 36 non-H5N1 viruses, and 4 influenza B viruses. No cross-reactivity was observed for any of the non-H5N1 viruses tested. Among 200 random poultry samples, the test gave 100% positive results for all of the twelve RT-PCR-positive samples. CONCLUSIONS: Considering that the test is convenient for field use, this H5 Dot ELISA can be used for on-site detection of H5N1 infection in clinical or environmental specimens and facilitate the investigation of H5N1 influenza outbreaks and surveillance in poultry.;10.1186/1471-2180-10-330;not included;birds;unknown;deterministic modelling;mentioned but not applied;unknown;does not meet criteria for optimization or modelling;0;0;0
19941606;Bastos AD;2009 Dec;A host species-informative internal control for molecular assessment of African swine fever virus infection rates in the African sylvatic cycle Ornithodoros vector.;African swine fever virus (ASFV) infection in adult Ornithodoros porcinus (Murry 1877, sensuWalton 1979) ticks collected from warthog burrows in southern and East Africa was assessed using a duplex genomic amplification approach that is informative with respect to the invertebrate host species and infecting sylvatic cycle virus. DNA extracted from individual ticks was used as template for the simultaneous amplification of a C-terminal 478-bp ASFV p72 gene region and a approximately 313-bp fragment of the tick mitochondrial 16S rRNA gene, under optimized reaction conditions. Within-warthog burrow infection rates ranged from 0% to 43% using this approach, and phylogenetic analysis of 16S gene sequences revealed the presence of three geographically discrete O. porcinus lineages, but no support for subspecies recognition. False negatives are precluded by the inclusion of host species-informative primers that ensure the DNA integrity of cytoplasmically located genome extracts. In addition, infection rate estimates are further improved as false positives arising from carry-over contamination when performing a two-step nested polymerase chain reaction are negated by the one-step approach. Phylogenetic comparison of full-length virus gene sequences with the partial C-terminal p72 gene target confirmed the epidemiological utility of the latter in a sylvatic setting. The method is therefore of particular value in studies assessing the prevalence and diversity of ASFV in relation to the African sylvatic tick vector and holds potential for investigating the role of alternative tick species in virus maintenance and transmission.;10.1111/j.1365-2915.2009.00828.x;not included;ticks;africa;duplex genomic amplification;mentioned but not applied;unknown;does not meet criteria;0;0;0
19178968;Bos ME;2009 Apr 1;Back-calculation method shows that within-flock transmission of highly pathogenic avian influenza (H7N7) virus in the Netherlands is not influenced by housing risk factors.;To optimize control of an avian influenza outbreak knowledge of within-flock transmission is needed. This study used field data to estimate the transmission rate parameter (beta) and the influence of risk factors on within-flock transmission of highly pathogenic avian influenza (HPAI) H7N7 virus in the 2003 epidemic in The Netherlands. The estimation is based on back-calculation of daily mortality data to fit a susceptible-infectious-dead format, and these data were analysed with a generalized linear model. This back-calculation method took into account the uncertainty of the length of the latent period, the survival of an infection by some birds and the influence of farm characteristics. After analysing the fit of the different databases created by back-calculation, it could be concluded that an absence of the latency period provided the best fit. The transmission rate parameter (beta) from these field data was estimated at 4.50 per infectious chicken per day (95% CI: 2.68-7.57), which was lower than what was reported from experimental data. In contrast to general belief, none of the studied risk factors (housing system, flock size, species, age of the birds in weeks and date of depopulation) had significant influence on the estimated beta.;10.1016/j.prevetmed.2008.12.003;not included;chickens;netherlands;generalized linear model;mentioned but not applied;unknown;does not focus on optimization of surveillance strategies;0;0;0
40302921;Goraichuk IV;2025;Custom barcoded primers for influenza A nanopore sequencing: enhanced performance with reduced preparation time.;Highly pathogenic avian influenza is endemic and widespread in wild birds and is causing major outbreaks in poultry worldwide and in U.S. dairy cows, with several recent human cases, highlighting the need for reliable and rapid sequencing to track mutations that may facilitate viral replication in different hosts. SNP analysis is a useful molecular epidemiology tool to track outbreaks, but it requires accurate whole-genome sequencing (WGS) with sufficient read depth across all eight segments. In outbreak situations, where timely data is critical for controlling the spread of the virus, reducing sequencing preparation time while maintaining high-quality standards is particularly important. In this study, we optimized a custom barcoded primer strategy for influenza A whole-genome sequencing on the nanopore sequencing platform, combining the high performance of the Native Barcoding Kit with the prompt preparation time of the Rapid Barcoding Kit. Custom barcoded primers were designed to perform barcode attachment during RT-PCR amplification, eliminating the need for separate barcoding and clean-up steps, thus reducing library preparation time. We compared the performance of the custom barcoded primer method with the Native and Rapid barcoding kits in terms of read quality, read depth, and sequencing output. The results show that the custom barcoded primers provided performance comparable to the Native Barcoding Kit while reducing library preparation time by 2.3X compared to the Native kit and being only 15 minutes longer than the Rapid kit with better depth of sequencing. Additionally, the custom barcoded primer method was evaluated on a variety of clinical sample types. This approach offers a promising solution for influenza A sequencing, providing both high throughput and time efficiency, which significantly improves the time-to-result turnaround, making sequencing more accessible for real-time surveillance.;10.3389/fcimb.2025.1545032;not included;influenza;global;unknown;mentioned but not applied;unknown;does not meet criteria;0;0;0
20718844;McCarthy MA;2010 Oct;Resource allocation for efficient environmental management.;Environmental managers must decide how to invest available resources. Researchers have previously determined how to allocate conservation resources among regions, design nature reserves, allocate funding to species conservation programs, design biodiversity surveys and monitoring programs, manage species and invest in greenhouse gas mitigation schemes. However, these issues have not been addressed with a unified theory. Furthermore, uncertainty is prevalent in environmental management, and needs to be considered to manage risks. We present a theory for optimal environmental management, synthesizing previous approaches to the topic and incorporating uncertainty. We show that the theory solves a diverse range of important problems of resource allocation, including distributing conservation resources among the world's biodiversity hotspots. surveillance to detect the highly pathogenic avian influenza H5N1 virus in Thailand. and choosing survey methods for the insect order Hemiptera. Environmental management decisions are similar to decisions about financial investments, with trade-offs between risk and reward.;10.1111/j.1461-0248.2010.01522.x;not included;unknown;unknown;unknown;mentioned but not applied;unknown;does not focus on specific animal diseases or species;0;0;0
31806571;Zhou Y;2020 Jan;Long-lasting protective immunity against H7N9 infection is induced by intramuscular or CpG-adjuvanted intranasal immunization with the split H7N9 vaccine.;There is an urgent need for efficient vaccines against the highly pathogenic avian influenza A viral strain H7N9. The duration and intensity of the immune response to H7N9 critically impacts the epidemiology of influenza viral infection at the population level. However, the insufficient immunogenicity of H7N9 raises concerns about vaccine efficacy. In this study, we evaluated the impact of immunization routes and the adjuvant CpG on the immune response to a split H7N9 vaccine in mice. Determination of humoral and cellular responses to the vaccine revealed that after four vaccine doses, high titers of H7N9-specific serum IgG, determined by the influenza hemagglutination inhibition (HI) assay, were induced through the intramuscular (i.m.) route and lasted for at least 40 weeks. CpG-adjuvanted immunization increased the levels of long-lived IFN-γ(+) T cells and raised the Th1-biased IgG2a/IgG1 response ratio. In addition, aside from mucosal IgA, CpG-adjuvanted intranasal (i.n.) immunization elicited serum IgG and cellular responses of a similar duration and intensity to CpG-adjuvanted i.m. immunization. Mouse challenge assays demonstrated that 24 weeks following i.m. immunization without CpG or CpG-adjuvanted immunization through the i.m. or i.n. routes, both offered a high level of protection against H7N9 infection. These results indicate that efficient long-term protection against H7N9 can be achieved via the optimization of vaccination strategies, such as immunization doses, routes, and adjuvants.;10.1016/j.intimp.2019.106013;not included;mice;unknown;unknown;mentioned but not applied;unknown;does not meet criteria;0;0;0
